market,algorithm,trained_test_r2,trained_test_mae,trained_test_rmse,trained_train_r2,tuned_test_r2,tuned_test_mae,tuned_test_rmse,tuned_train_r2
sale,linear_regression,0.6424484175238467,139201.549683983,254549.37491733945,0.6578285049006749,0.6424493404286762,139201.30126593125,254549.04639830813,0.6578285047608952
sale,decision_tree,0.6330511126105676,125395.98895391368,257872.76103535632,0.9994799547605123,0.7071715746312501,116293.08424312065,230361.18224716216,0.8041044500112766
sale,random_forest,0.7744170959966944,90865.43023045975,202188.1852426103,0.9583583698976399,0.7721468716240565,90110.53190044036,203203.03046909004,0.9755975009876987
sale,xgboost,0.8083678813495421,85512.16871456656,186353.19076368675,0.9602408987134984,0.8123245805770506,81840.35017945318,184419.30465615744,0.9797982590811521
rent,linear_regression,0.5316743452095245,356.0482926802053,738.179155456181,0.6567408479963363,0.5315430691404375,353.4665389522235,738.2826074739254,0.6554417745422896
rent,decision_tree,0.49268011613589346,352.9472754793138,768.2963061960736,0.9981855421588657,0.517797411210967,334.2562536992175,749.0357941880033,0.8193156540170164
rent,random_forest,0.5909898864791125,271.08698782873415,689.8502506860825,0.9465447997417242,0.5857445922776605,268.84689704430707,694.2596039794137,0.9696785087568042
rent,xgboost,0.6241558682895115,260.42040097942026,661.2895957427794,0.9696779347486738,0.6269358851080091,253.7183338400093,658.8393667742338,0.9862978606150576
